{
    "devices": {
        "2309efab40ba4325bc54c7d9b93bbf08": {
            "creator": {
                "uuid": "f2352062eb974a6abed1282c2764c3c7",
                "username": "eedadada",
                "nickname": "eedadada",
                "avatar": "https://image-pro.lceda.cn/avatars/2021/11/qtI4d23j7NNcQZdaEZzobEAXO7IJSsKUXufWMrji.png"
            },
            "description": "",
            "title": "tiny-pmu-axp173",
            "tags": {
                "parent_tag": [],
                "child_tag": []
            },
            "images": [
                ""
            ],
            "attributes": {
                "Convert to PCB": "yes",
                "Add into BOM": "yes",
                "Designator": "U?",
                "Symbol": "da140c8ab4614460b05d1520195f6f3e",
                "Footprint": "5e498bb4402d44d0a24593222ca593a4",
                "3D Model": "09f68d75b846469bbfc9fd6c693bab57",
                "3D Model Title": "3D_TINI-PMU-AXP173-V2",
                "3D Model Transform": "595.98,627.98,90.9,0,0,0,299.21,-196.85,0"
            },
            "source": "",
            "version": 0,
            "project_uuid": "",
            "symbol_type": 2,
            "updateTime": 0,
            "createTime": 1655536209,
            "display_title": "TINY-PMU-AXP173",
            "created_at": "2022-06-18 15:10:09",
            "updated_at": "2022-06-18 22:41:02",
            "ticket": 20,
            "footprint_type": 4,
            "symbol": {
                "uuid": "da140c8ab4614460b05d1520195f6f3e",
                "title": "tiny-pmu-axp173",
                "display_title": "TINY-PMU-AXP173"
            },
            "footprint": {
                "uuid": "5e498bb4402d44d0a24593222ca593a4",
                "title": "tiny-pmu-axp173",
                "display_title": "TINY-PMU-AXP173"
            }
        }
    },
    "symbols": {
        "da140c8ab4614460b05d1520195f6f3e": {
            "creator": {
                "uuid": "f2352062eb974a6abed1282c2764c3c7",
                "username": "eedadada",
                "nickname": "eedadada",
                "avatar": "https://image-pro.lceda.cn/avatars/2021/11/qtI4d23j7NNcQZdaEZzobEAXO7IJSsKUXufWMrji.png"
            },
            "description": "",
            "docType": 2,
            "tags": {
                "parent_tag": [],
                "child_tag": []
            },
            "public": true,
            "source": "",
            "version": 0,
            "type": 3,
            "title": "tiny-pmu-axp173",
            "createTime": 1655536196,
            "updateTime": 0,
            "created_at": "2022-06-18 15:09:56",
            "display_title": "TINY-PMU-AXP173",
            "updated_at": "2022-06-18 15:21:34",
            "ticket": 35
        }
    },
    "footprints": {
        "5e498bb4402d44d0a24593222ca593a4": {
            "creator": {
                "uuid": "f2352062eb974a6abed1282c2764c3c7",
                "username": "eedadada",
                "nickname": "eedadada",
                "avatar": "https://image-pro.lceda.cn/avatars/2021/11/qtI4d23j7NNcQZdaEZzobEAXO7IJSsKUXufWMrji.png"
            },
            "description": "",
            "docType": 4,
            "tags": {
                "parent_tag": [],
                "child_tag": []
            },
            "public": true,
            "source": "",
            "version": 0,
            "type": 3,
            "title": "tiny-pmu-axp173",
            "createTime": 1655535530,
            "updateTime": 0,
            "created_at": "2022-06-18 14:58:50",
            "display_title": "TINY-PMU-AXP173",
            "updated_at": "2022-06-18 15:09:30",
            "ticket": 12
        }
    }
}